{"cameraMode":{"drawMode":0,"name":"Shaded","section":"Shading Mode"},"sceneLighting":true,"audioPlay":false,"sceneViewState":{"showFog":true,"showMaterialUpdate":false,"showSkybox":true,"showFlares":true,"showImageEffects":true,"showParticleSystems":true},"in2DMode":false,"pivot":{"x":430.50537109375,"y":285.4915466308594,"z":40.4694938659668},"rotation":{"x":-0.11753688007593155,"y":0.2924201786518097,"z":-0.03624230995774269,"w":-0.9483476281166077},"size":198.67315673828126,"orthographic":false}